color,price,group
Navy,40,InStock
Black/Black,90,InStock
Black/White,140,OutOfStock
Black/Rush Pink,22.97,OutOfStock
Dark Grey/Black/Siren Red/Siren Red,70,InStock
White,130,InStock
Rush Blue,104.99,OutOfStock
White,18.97,InStock
Redstone,28.97,InStock
Black,85,InStock
Aegean Storm,45.97,OutOfStock
White/Midnight Navy/University Red/Midnight Navy,45,InStock
Silver/Red,95,InStock
Black,45,OutOfStock
Navy,30,InStock
Grey Heather/White/Pro Green,40.97,OutOfStock
Grey Heather/Valor Blue,21.97,OutOfStock
Navy,55,InStock
White,21.97,OutOfStock
Purple,160,InStock
Fossil Stone/Fossil Rose/Psychic Purple/White,150,InStock
Thunder Blue/Particle Grey/Photo Blue/Black,89.97,InStock
Team Crimson,18.97,InStock
Black,18,OutOfStock
Black/Smoke Grey,13.97,InStock
Black,69.97,OutOfStock
White/Black/Tour Yellow/White,76.97,InStock
Rush Blue/College Navy/White,90,InStock
Midnight Navy,115,OutOfStock
Team Gold,135,OutOfStock
White,26.97,InStock
Multi-Color,36,OutOfStock
Black,85,InStock
Flax/Sesame/Fauna Brown/Muslin,119.97,InStock
Atmosphere,33.97,InStock
Royal,40,InStock
Light Smoke Grey,34.97,InStock
Black/Scream Green/Summit White/Obsidian,119.97,InStock
Black/Gold,100,InStock
Court Blue/College Navy,100,InStock
Black/Black/Light Bone,34.97,InStock
Black/Dark Grey/White/Siren Red,75,OutOfStock
White,65,InStock
Charcoal Heather/Red,35,InStock
White/Black,24.97,OutOfStock
Black/Black/Black,140,InStock
Black/Iron Grey/White/Black,130,InStock
Multi-Color/Lavender Mist,36.97,OutOfStock
White,21.97,OutOfStock
Black/Black/White,12,InStock
White/Black,15.97,InStock
Tough Red/Sundial,30,OutOfStock
Black,26.97,OutOfStock
Black/White,78.97,OutOfStock
Black,38.97,InStock
University Red,35,InStock
White,35,InStock
Bright Ceramic/White,24.97,InStock
Citron Tint,30.97,InStock
Black/White/White,45,OutOfStock
White,110,InStock
Hyper Pink,12.97,OutOfStock
Black Heather/Black/Heather/Black,58,InStock
Psychic Blue/Vivid Green/Safety Orange/Sail,95,InStock
Laser Blue/Electro Purple/Pink Prime/Electric Green,175,InStock
Black,9.97,OutOfStock
Light Smoke Grey/Flat Pewter/Grey Fog/Iron Grey,92.97,InStock
Green,40,OutOfStock
Rush Blue/White/White,48,InStock
Black/Electro Orange,53.97,OutOfStock
Black,35,InStock
Scarlet/Black,65,InStock
Blue,80,InStock
Medium Olive/Black/Particle Grey,50,InStock
Rush Blue/Chlorine Blue/White,75,InStock
Midnight Navy,135,OutOfStock
Black/White,15.97,InStock
College Navy/White/University Red/White,60,OutOfStock
Black,31.97,OutOfStock
Navy/Orange,45,InStock
Sail/Pearl White,63.97,InStock
Powder Blue/Anthracite,40,InStock
Black/White/Metallic Gold,85.97,OutOfStock
Bleached Coral,34.97,InStock
Seafoam/Brushed Silver,76.97,OutOfStock
Team Orange/Pinksicle/Pinksicle,30,OutOfStock
Royal,40,OutOfStock
Dark Driftwood/Canyon Purple/Dark Smoke Grey/Light Iron Ore,85,InStock
Siren Red,36.97,OutOfStock
Field Purple/Dark Steel Grey/White/White,80,InStock
Midnight Navy,115,InStock
Black,28,OutOfStock
Desert Orange,22.97,OutOfStock
Rush Blue,28,OutOfStock
Midnight Navy/White/Midnight Navy,90,InStock
Flat Silver,37.97,InStock
Black,40,InStock
Black,45,InStock
Multi-Color,10.97,InStock
White/Black,55.97,InStock
Multi-Color,32.97,OutOfStock
Hyper Jade/Bright Crimson/Blue Orbit/Metallic Silver,165,InStock
Signal Blue,50,InStock
Black,75,OutOfStock
White,160,InStock
Orange,35,OutOfStock
