name,color,price,group
Nike Dri-FIT Team (MLB Minnesota Twins),Navy,40,InStock
Club América,Black/Black,90,InStock
Nike Sportswear Swoosh,Black/White,140,OutOfStock
Nike Dri-FIT One Luxe,Black/Rush Pink,22.97,OutOfStock
Paris Saint-Germain Repel Academy AWF,Dark Grey/Black/Siren Red/Siren Red,70,InStock
NFL Miami Dolphins (Mike Gesicki),White,130,InStock
Kristaps Porziņģis Knicks Icon Edition,Rush Blue,104.99,OutOfStock
Nike College (Oregon),White,18.97,InStock
Nike Sportswear,Redstone,28.97,InStock
Nike Therma Crucial Catch (NFL Miami Dolphins),Black,85,InStock
Nike Sportswear Tech Fleece,Aegean Storm,45.97,OutOfStock
Paris Saint-Germain Strike,White/Midnight Navy/University Red/Midnight Navy,45,InStock
Nike Therma Lockup (NFL Kansas City Chiefs),Silver/Red,95,InStock
Nike Dri-FIT Primetime Logo (MLB San Francisco Giants),Black,45,OutOfStock
Nike City Connect Wordmark (MLB Kansas City Royals),Navy,30,InStock
Nike College Therma (Michigan State),Grey Heather/White/Pro Green,40.97,OutOfStock
Nike College Legacy91 (UNC),Grey Heather/Valor Blue,21.97,OutOfStock
Nike Rewind Playback Helmet (NFL Tennessee Titans),Navy,55,InStock
Denver Nuggets Nike x Filip Pagowski,White,21.97,OutOfStock
NFL Minnesota Vikings Nike Vapor Untouchable (Randy Moss),Purple,160,InStock
Air Jordan 1 Zoom CMFT,Fossil Stone/Fossil Rose/Psychic Purple/White,150,InStock
Nike Air Pegasus 83 Premium,Thunder Blue/Particle Grey/Photo Blue/Black,89.97,InStock
Nike College (Alabama),Team Crimson,18.97,InStock
Nike,Black,18,OutOfStock
Nike Fury,Black/Smoke Grey,13.97,InStock
Nike Myriad,Black,69.97,OutOfStock
Nike Air Force 1 LV8 Utility,White/Black/Tour Yellow/White,76.97,InStock
Chelsea FC Strike,Rush Blue/College Navy/White,90,InStock
MLB Boston Red Sox,Midnight Navy,115,OutOfStock
MLB Arizona Diamondbacks City Connect,Team Gold,135,OutOfStock
Nike College Max 90 (Gonzaga),White,26.97,InStock
Nike Dri-FIT,Multi-Color,36,OutOfStock
Nike Therma Crucial Catch (NFL Atlanta Falcons),Black,85,InStock
Zion 2,Flax/Sesame/Fauna Brown/Muslin,119.97,InStock
Jordan,Atmosphere,33.97,InStock
Nike Dri-FIT Sideline Velocity Lockup (NFL Buffalo Bills),Royal,40,InStock
Jordan,Light Smoke Grey,34.97,InStock
Nike Air Max 90 SE,Black/Scream Green/Summit White/Obsidian,119.97,InStock
Nike Dri-FIT Athletic Arch Jersey (NFL Pittsburgh Steelers),Black/Gold,100,InStock
Sylvia Fowles Lynx Explorer Edition,Court Blue/College Navy,100,InStock
Nike Air,Black/Black/Light Bone,34.97,InStock
Paris-Saint Germain 2021/22 Stadium Third,Black/Dark Grey/White/Siren Red,75,OutOfStock
Nike Dri-FIT City Connect Striped (MLB San Francisco Giants),White,65,InStock
Nike Team (NFL Buffalo Bills),Charcoal Heather/Red,35,InStock
Nike Pro,White/Black,24.97,OutOfStock
Nike SFB Gen 2 8”,Black/Black/Black,140,InStock
Nike Air Force 1 '07 LV8,Black/Iron Grey/White/Black,130,InStock
Nike,Multi-Color/Lavender Mist,36.97,OutOfStock
Nike Heritage86 (MLB Yankees),White,21.97,OutOfStock
Nike Essential,Black/Black/White,12,InStock
Nike,White/Black,15.97,InStock
Heat Heritage86,Tough Red/Sundial,30,OutOfStock
Nike 8-Pound ,Black,26.97,OutOfStock
Club América,Black/White,78.97,OutOfStock
Nike Sportswear,Black,38.97,InStock
Nike College (Georgia),University Red,35,InStock
Charlotte Hornets,White,35,InStock
Nike College (Tennessee),Bright Ceramic/White,24.97,InStock
Nike Court Naomi Osaka Collection,Citron Tint,30.97,InStock
Nike College Dri-FIT Coach (Duke),Black/White/White,45,OutOfStock
Nike Overview (MLB Philadelphia Phillies),White,110,InStock
Nike,Hyper Pink,12.97,OutOfStock
Nike Dri-FIT Performance Select,Black Heather/Black/Heather/Black,58,InStock
Air Jordan 1 Low SE,Psychic Blue/Vivid Green/Safety Orange/Sail,95,InStock
Air Jordan XXXVI Low Luka PF,Laser Blue/Electro Purple/Pink Prime/Electric Green,175,InStock
Nike,Black,9.97,OutOfStock
Nike Offline Pack,Light Smoke Grey/Flat Pewter/Grey Fog/Iron Grey,92.97,InStock
Nike Dri-FIT Sideline Velocity Lockup (NFL Green Bay Packers),Green,40,OutOfStock
Philadelphia 76ers,Rush Blue/White/White,48,InStock
Nike Sportswear,Black/Electro Orange,53.97,OutOfStock
Team 31,Black,35,InStock
Nike Dri-FIT (NFL San Francisco 49ers),Scarlet/Black,65,InStock
Nike Therma City Connect (MLB Boston Red Sox),Blue,80,InStock
Nike Brasilia,Medium Olive/Black/Particle Grey,50,InStock
Chelsea FC Repel Academy AWF,Rush Blue/Chlorine Blue/White,75,InStock
MLB Boston Red Sox (Andrew Benintendi),Midnight Navy,135,OutOfStock
Nike Dri-FIT,Black/White,15.97,InStock
Jordan France,College Navy/White/University Red/White,60,OutOfStock
Nike Sportswear,Black,31.97,OutOfStock
Nike Dri-FIT Stretch (NFL Chicago Bears),Navy/Orange,45,InStock
Nike Sportswear Club,Sail/Pearl White,63.97,InStock
Nike Dri-FIT (NFL Los Angeles Chargers),Powder Blue/Anthracite,40,InStock
Nike Dri-FIT,,28,OutOfStock
Air Jordan Legacy 312 Low,Black/White/Metallic Gold,85.97,OutOfStock
Nike Sportswear,Bleached Coral,34.97,InStock
Nike Dri-FIT Player,Seafoam/Brushed Silver,76.97,OutOfStock
Nike Dri-FIT Swoosh,Team Orange/Pinksicle/Pinksicle,30,OutOfStock
Nike Dri-FIT Infograph (NFL Buffalo Bills),Royal,40,OutOfStock
Nike Air Deschutz+ SE,Dark Driftwood/Canyon Purple/Dark Smoke Grey/Light Iron Ore,85,InStock
Nike Dri-FIT,Siren Red,36.97,OutOfStock
Sacramento Kings Icon Edition,Field Purple/Dark Steel Grey/White/White,80,InStock
MLB Houston Astros,Midnight Navy,115,InStock
Nike ACG AW84,Black,28,OutOfStock
Nike College Heritage86 (Texas),Desert Orange,22.97,OutOfStock
New York Knicks,Rush Blue,28,OutOfStock
Paris Saint-Germain 2022/23 Stadium Home,Midnight Navy/White/Midnight Navy,90,InStock
Nike College Dri-FIT (Michigan State),Flat Silver,37.97,InStock
Nike Dri-FIT Crucial Catch (NFL Tampa Bay Buccaneers),Black,40,InStock
Nike Zoned Support,Black,45,InStock
Nike,Multi-Color,10.97,InStock
Nike Dri-FIT Vapor,White/Black,55.97,InStock
Nike Sportswear,Multi-Color,32.97,OutOfStock
Air Jordan XXXV Low DS PF,Hyper Jade/Bright Crimson/Blue Orbit/Metallic Silver,165,InStock
Nike College Dri-FIT (UCLA),Signal Blue,50,InStock
Jordan,Black,75,OutOfStock
NFL Los Angeles Rams Nike Vapor Untouchable (Matthew Stafford),White,160,InStock
Nike Team First (MLB Houston Astros),Orange,35,OutOfStock
